таблица;ключ;поле;тип;ссылка
accounts_profile;pk;id;bigint;
accounts_profile;;name;varchar(255);
accounts_profile;;color;varchar(7);
accounts_profile;;is_hidden;boolean;
accounts_profile;;created_at;timestamptz;
accounts_profile;;updated_at;timestamptz;
accounts_owner;pk;id;bigint;
accounts_owner;;name;varchar(255);
accounts_owner;;color;varchar(7);
accounts_owner;;created_at;timestamptz;
accounts_owner;;updated_at;timestamptz;
accounts_refreshscheduleconfig;pk;id;bigint;
accounts_refreshscheduleconfig;;enabled;boolean;
accounts_refreshscheduleconfig;;mode;varchar(10);
accounts_refreshscheduleconfig;;interval_hours;integer;
accounts_refreshscheduleconfig;;skip_recent_hours;integer;
accounts_refreshscheduleconfig;;refresh_warm_enabled;boolean;
accounts_refreshscheduleconfig;;auto_refresh_csv_report;boolean;
accounts_refreshscheduleconfig;;auto_refresh_telegram_enabled;boolean;
accounts_refreshscheduleconfig;;auto_refresh_telegram_chat_id;varchar(32);
accounts_refreshscheduleconfig;;auto_refresh_telegram_chat_ids;jsonb;
accounts_refreshscheduleconfig;;include_hidden_platform_accounts;boolean;
accounts_refreshscheduleconfig;;include_hidden_profile_accounts;boolean;
accounts_refreshscheduleconfig;;include_unavailable_accounts;boolean;
accounts_refreshscheduleconfig;;auto_refresh_platforms;jsonb;
accounts_refreshscheduleconfig;;auto_refresh_profile_ids;jsonb;
accounts_refreshscheduleconfig;;auto_refresh_owner_ids;jsonb;
accounts_refreshscheduleconfig;;account_delta_period_days;smallint;
accounts_refreshscheduleconfig;;max_audience_followers_per_account;smallint;
accounts_refreshscheduleconfig;;times;jsonb;
accounts_globalvisibilityconfig;pk;id;bigint;
accounts_globalvisibilityconfig;;hidden_platforms;jsonb;
accounts_autorefreshstate;pk;id;bigint;
accounts_autorefreshstate;;is_running;boolean;
accounts_autorefreshstate;;source;varchar(32);
accounts_autorefreshstate;;cancel_requested;boolean;
accounts_autorefreshstate;;total_accounts;integer;
accounts_autorefreshstate;;processed_accounts;integer;
accounts_autorefreshstate;;success_accounts;integer;
accounts_autorefreshstate;;failed_accounts;integer;
accounts_autorefreshstate;;current_account;varchar(255);
accounts_autorefreshstate;;started_at;timestamptz;
accounts_autorefreshstate;;finished_at;timestamptz;
accounts_autorefreshstate;;last_error;text;
accounts_autorefreshstate;;last_report_csv;text;
accounts_autorefreshstate;;last_report_generated_at;timestamptz;
accounts_autorefreshstate;;last_telegram_error;text;
accounts_autorefreshstate;;last_telegram_sent_at;timestamptz;
accounts_autorefreshstate;;last_auto_refresh_error_account_ids;jsonb;
accounts_autorefreshstate;;run_detail;jsonb;
accounts_autorefreshstate;;updated_at;timestamptz;
accounts_refreshallstate;pk;id;bigint;
accounts_refreshallstate;;is_running;boolean;
accounts_refreshallstate;;cancel_requested;boolean;
accounts_refreshallstate;;total_accounts;integer;
accounts_refreshallstate;;processed_accounts;integer;
accounts_refreshallstate;;success_accounts;integer;
accounts_refreshallstate;;failed_accounts;integer;
accounts_refreshallstate;;current_account;varchar(255);
accounts_refreshallstate;;started_at;timestamptz;
accounts_refreshallstate;;finished_at;timestamptz;
accounts_refreshallstate;;last_error;text;
accounts_refreshallstate;;last_report_csv;text;
accounts_refreshallstate;;last_report_generated_at;timestamptz;
accounts_refreshallstate;;run_detail;jsonb;
accounts_refreshallstate;;updated_at;timestamptz;
accounts_scrapebackendconfig;pk;id;bigint;
accounts_scrapebackendconfig;;facebook_backend;varchar(16);
accounts_scrapebackendconfig;;tiktok_backend;varchar(16);
accounts_scrapebackendconfig;;instagram_backend;varchar(16);
accounts_scrapebackendconfig;;youtube_backend;varchar(16);
accounts_scrapebackendconfig;;reddit_backend;varchar(16);
accounts_scrapebackendconfig;;rumble_backend;varchar(16);
accounts_scrapebackendconfig;;facebook_fallback_enabled;boolean;
accounts_scrapebackendconfig;;tiktok_fallback_enabled;boolean;
accounts_scrapebackendconfig;;instagram_fallback_enabled;boolean;
accounts_scrapebackendconfig;;youtube_fallback_enabled;boolean;
accounts_scrapebackendconfig;;reddit_fallback_enabled;boolean;
accounts_scrapebackendconfig;;rumble_fallback_enabled;boolean;
accounts_scrapebackendconfig;;updated_at;timestamptz;
accounts_apifyrefreshjob;pk;id;bigint;
accounts_apifyrefreshjob;fk;account_id;bigint;accounts_account
accounts_apifyrefreshjob;;platform;varchar(32);
accounts_apifyrefreshjob;;username_snapshot;varchar(255);
accounts_apifyrefreshjob;;status;varchar(16);
accounts_apifyrefreshjob;;apify_run_id;varchar(64);
accounts_apifyrefreshjob;;apify_actor_id;varchar(255);
accounts_apifyrefreshjob;;apify_dataset_id;varchar(64);
accounts_apifyrefreshjob;;apify_stages;jsonb;
accounts_apifyrefreshjob;;trigger;varchar(32);
accounts_apifyrefreshjob;;parent_batch_id;uuid;
accounts_apifyrefreshjob;;started_at;timestamptz;
accounts_apifyrefreshjob;;finished_at;timestamptz;
accounts_apifyrefreshjob;;error_message;text;
accounts_apifyrefreshjob;;run_detail_extra;jsonb;
accounts_apifyrefreshjob;;normalized_preview;jsonb;
accounts_apifyrefreshjob;;created_at;timestamptz;
accounts_apifyrefreshjob;;updated_at;timestamptz;
accounts_account;pk;id;bigint;
accounts_account;;username;varchar(255);
accounts_account;;platform;varchar(20);
accounts_account;fk;profile_id;bigint;accounts_profile
accounts_account;fk;owner_id;bigint;accounts_owner
accounts_account;;display_name;varchar(255);
accounts_account;;avatar_url;varchar(1024);
accounts_account;;avatar_file;varchar(512);
accounts_account;;avatar_missing;boolean;
accounts_account;;bio;text;
accounts_account;;follower_count;bigint;
accounts_account;;like_count;bigint;
accounts_account;;view_count;bigint;
accounts_account;;post_count;integer;
accounts_account;;link_click_count;bigint;
accounts_account;;profile_unavailable;boolean;
accounts_account;;audience_last_synced_at;timestamptz;
accounts_account;;created_at;timestamptz;
accounts_account;;updated_at;timestamptz;
accounts_accountsnapshot;pk;id;bigint;
accounts_accountsnapshot;fk;account_id;bigint;accounts_account
accounts_accountsnapshot;;date;date;
accounts_accountsnapshot;;follower_count;bigint;
accounts_accountsnapshot;;like_count;bigint;
accounts_accountsnapshot;;view_count;bigint;
accounts_accountsnapshot;;post_count;integer;
accounts_accountsnapshot;;link_click_count;bigint;
accounts_post;pk;id;bigint;
accounts_post;fk;account_id;bigint;accounts_account
accounts_post;;external_id;varchar(255);
accounts_post;;description;text;
accounts_post;;hashtags;jsonb;
accounts_post;;thumbnail_url;varchar(2048);
accounts_post;;thumbnail_file;varchar(512);
accounts_post;;thumbnail_missing;boolean;
accounts_post;;post_url;varchar(2048);
accounts_post;;view_count;bigint;
accounts_post;;like_count;bigint;
accounts_post;;comment_count;bigint;
accounts_post;;share_count;bigint;
accounts_post;;posted_at;timestamptz;
accounts_post;;missing_from_scrape_at;timestamptz;
accounts_post;;created_at;timestamptz;
accounts_post;;updated_at;timestamptz;
accounts_postsnapshot;pk;id;bigint;
accounts_postsnapshot;fk;post_id;bigint;accounts_post
accounts_postsnapshot;;date;date;
accounts_postsnapshot;;view_count;bigint;
accounts_postsnapshot;;like_count;bigint;
accounts_postsnapshot;;comment_count;bigint;
accounts_autorefreshpoint;pk;id;bigint;
accounts_autorefreshpoint;;measured_at;timestamptz;
accounts_autorefreshpoint;;local_date;date;
accounts_autorefreshpoint;;source;varchar(32);
accounts_autorefreshpoint;;slot_label;varchar(32);
accounts_autorefreshpoint;;view_count_total;bigint;
accounts_autorefreshpoint;;view_delta_from_prev_point;bigint;
accounts_autorefreshpoint;;view_delta_from_day_start;bigint;
accounts_autorefreshpoint;;platform_deltas;jsonb;
accounts_audiencemember;pk;id;bigint;
accounts_audiencemember;;platform;varchar(20);
accounts_audiencemember;;username;varchar(255);
accounts_audiencemember;;external_id;varchar(160);
accounts_audiencemember;;display_name;varchar(255);
accounts_audiencemember;;avatar_url;varchar(2048);
accounts_audiencemember;;bio;text;
accounts_audiencemember;;is_private;boolean;
accounts_audiencemember;;follower_count;bigint;
accounts_audiencemember;;following_count;bigint;
accounts_audiencemember;;like_count;bigint;
accounts_audiencemember;;profile_language;varchar(32);
accounts_audiencemember;;timezone_name;varchar(64);
accounts_audiencemember;;follower_network;jsonb;
accounts_audiencemember;;created_at;timestamptz;
accounts_audiencemember;;updated_at;timestamptz;
accounts_accountaudiencemembership;pk;id;bigint;
accounts_accountaudiencemembership;fk;account_id;bigint;accounts_account
accounts_accountaudiencemembership;fk;member_id;bigint;accounts_audiencemember
accounts_accountaudiencemembership;;first_seen_at;timestamptz;
accounts_accountaudiencemembership;;last_synced_at;timestamptz;
accounts_audiencememberpost;pk;id;bigint;
accounts_audiencememberpost;fk;member_id;bigint;accounts_audiencemember
accounts_audiencememberpost;;external_id;varchar(255);
accounts_audiencememberpost;;description;text;
accounts_audiencememberpost;;thumbnail_url;varchar(2048);
accounts_audiencememberpost;;post_url;varchar(2048);
accounts_audiencememberpost;;view_count;bigint;
accounts_audiencememberpost;;like_count;bigint;
accounts_audiencememberpost;;comment_count;bigint;
accounts_audiencememberpost;;share_count;bigint;
accounts_audiencememberpost;;posted_at;timestamptz;
accounts_audiencememberpost;;created_at;timestamptz;
accounts_audiencememberpost;;updated_at;timestamptz;
